genotype	panicle_stem
SAP_PI656016.C00TDABXX.3.A2	0.3758793969849246
SAP_PI576386.B064FABXX.2.H11	0.39945897204688907
SAP_PI656075.C00TDABXX.2.A12	0.7709815078236131
SAP_PI533938.C00TDABXX.2.E1	0.3744201457919152
SAP_PI656088.C00TDABXX.3.F1	0.5884184308841843
SAP_PI533866.B064FABXX.2.B10	0.4804928131416838
SAP_PI656093.C00TDABXX.1.B9	0.8957771787960467
SAP_PI576385.C00TDABXX.2.E9	0.6208791208791209
SAP_PI597949.C00TDABXX.2.E10	2.1024904214559386
SAP_PI533807.C00TDABXX.1.E8	0.443382873319179
SAP_PI655996.C00TDABXX.3.D10	0.5477855477855478
SAP_PI656031.C00TDABXX.3.G3	0.8720436628259551
SAP_PI534037.C00TDABXX.1.E9	0.9400307534597643
SAP_PI533986.C00TDABXX.1.G10	0.7303609341825902
SAP_PI656106.C00TDABXX.2.E5	0.45602409638554214
SAP_PI533961.C00TDABXX.1.D7	0.9105960264900662
SAP_PI597945.C00TDABXX.2.C7	0.5519013360739979
SAP_PI656100.C00TDABXX.1.H12	0.7058823529411765
SAP_PI656014.C00TDABXX.3.E11	1.0601651592607158
SAP_PI534105.C00TDABXX.2.A4	0.6338028169014085
SAP_PI595743.C00TDABXX.2.B11	0.9053791315618924
SAP_PI533876.C00TDABXX.2.G1	1.0301318267419963
SAP_PI533856.C00TDABXX.1.F12	0.844306049822064
SAP_PI533852.B064FABXX.2.E8	2.663565891472868
SAP_PI533785.C00TDABXX.1.C9	1.1774856203779787
SAP_PI533758.C00TDABXX.1.F11	0.9481592787377912
SAP_PI656094.C00TDABXX.1.D9	0.9656862745098039
SAP_PI534145.C00TDABXX.1.G6	1.4838212634822805
SAP_PI656070.B064FABXX.2.B4	0.6762722256284488
SAP_PI597965.B064FABXX.2.G5	1.068554396423249
SAP_PI576422.C00TDABXX.2.B10	0.5047425474254743
SAP_PI656104.C00TDABXX.2.B3	0.8053408292340126
SAP_PI534070.C00TDABXX.1.A9	0.8185307017543859
SAP_PI656011.C00TDABXX.3.B7	0.805352798053528
SAP_PI656082.B064FABXX.2.A10	0.9501557632398754
SAP_PI533754.C00TDABXX.1.F9	0.6617826617826618
SAP_PI656030.C00TDABXX.3.D12	0.9927095990279465
SAP_PI533970.C00TDABXX.2.A6	0.4591679506933744
SAP_PI534123.C00TDABXX.1.A4	0.5208207604103802
SAP_PI656105.C00TDABXX.2.B4	0.4819277108433735
SAP_PI656110.C00TDABXX.1.B2	0.45567375886524825
SAP_PI533810.C00TDABXX.1.A8	0.7143790849673203
SAP_PI534099.C00TDABXX.2.H5	0.9566869300911854
SAP_PI656048.C00TDABXX.1.E1	0.2907801418439716
SAP_PI533985.C00TDABXX.2.F5	0.28659476117103233
SAP_PI597957.C00TDABXX.2.A11	1.0039421813403417
SAP_PI533757.C00TDABXX.1.C6	1.9166666666666667
SAP_PI533964.C00TDABXX.2.H6	0.6232782369146006
SAP_PI533814.C00TDABXX.1.B8	0.38603577611079054
SAP_PI607931.C00TDABXX.1.F1	0.5760542168674698
SAP_PI534108.C00TDABXX.2.D4	0.4260057471264368
SAP_PI576428.C00TDABXX.2.D8	1.8051341890315054
SAP_PI533845.B064FABXX.2.A8	0.9827956989247312
SAP_PI595740.B064FABXX.2.D10	0.969718817591925
SAP_PI656019.C00TDABXX.3.F2	0.9114642451759364
SAP_PI533877.C00TDABXX.1.C11	1.7060810810810811
SAP_PI564164.C00TDABXX.3.B10	0.62146529562982
SAP_PI595702.C00TDABXX.2.C5	0.5627118644067797
SAP_PI656058.C00TDABXX.3.D3	1.1462974111980735
SAP_PI534097.C00TDABXX.2.E3	0.6052356020942409
SAP_PI595718.C00TDABXX.2.H11	0.8633720930232558
SAP_PI533955.C00TDABXX.2.E4	0.8216783216783217
SAP_PI656055.C00TDABXX.3.G6	0.7393225331369662
SAP_PI534104.C00TDABXX.2.C4	0.820631970260223
SAP_PI533910.C00TDABXX.1.E5	0.6130997715156131
SAP_PI576359.C00TDABXX.2.D7	1.4473684210526316
SAP_PI533912.C00TDABXX.1.B6	0.4993045897079277
SAP_PI533976.C00TDABXX.2.G4	0.39972714870395637
SAP_PI534117.C00TDABXX.1.F2	0.3399894902785076
SAP_PI576332.C00TDABXX.2.H2	0.7131630648330058
SAP_PI595741.C00TDABXX.2.D9	1.167728237791932
SAP_PI656116.B064FABXX.2.A6	0.8460846084608461
SAP_PI534157.C00TDABXX.1.F7	0.7119529719137818
SAP_PI656010.C00TDABXX.3.F9	1.3351893095768375
SAP_PI534163.C00TDABXX.1.B3	0.8606991525423728
SAP_PI533967.C00TDABXX.2.A7	0.8311611374407583
SAP_PI656079.C00TDABXX.2.H12	1.0970350404312668
SAP_PI655998.C00TDABXX.1.G3	0.4063745019920319
SAP_PI576381.C00TDABXX.2.H8	1.0552611657834974
SAP_PI533943.C00TDABXX.1.D12	0.40557620817843865
SAP_PI656042.C00TDABXX.3.F8	0.6754385964912281
SAP_PI576390.C00TDABXX.1.H7	0.8478964401294499
SAP_PI533750.C00TDABXX.1.D8	1.1138088012139606
SAP_PI576340.C00TDABXX.2.F4	0.39513998943475964
SAP_PI656068.C00TDABXX.3.E3	0.5138144329896908
SAP_PI656109.C00TDABXX.1.F6	0.8514680483592401
SAP_PI629059.C00TDABXX.3.E2	1.225831399845321
SAP_PI655974.C00TDABXX.3.C8	0.14001779887273805
SAP_PI656120.B064FABXX.2.B3	0.722965227359572
SAP_PI533759.C00TDABXX.1.C7	0.7431640625
SAP_PI655975.B064FABXX.2.A4	0.8581138487680544
SAP_PI656027.C00TDABXX.3.G4	0.2584485407066052
SAP_PI534116.C00TDABXX.3.H8	1.6797520661157024
SAP_PI534054.C00TDABXX.2.B5	0.37829360100376414
SAP_PI597967.B064FABXX.2.D3	0.6634050880626223
SAP_PI533948.C00TDABXX.2.A5	0.7345132743362832
SAP_PI595744.C00TDABXX.2.D11	0.6033096926713948
SAP_PI656108.C00TDABXX.2.B7	0.6013245033112583
SAP_PI597964.C00TDABXX.2.C12	0.30565167243367936
SAP_PI597982.B064FABXX.2.B11	0.8247787610619469
SAP_PI533979.C00TDABXX.2.G3	0.3096774193548387
SAP_PI534124.C00TDABXX.1.B4	0.2613065326633166
SAP_PI656051.C00TDABXX.3.F5	0.48700564971751414
SAP_PI533987.C00TDABXX.2.F1	0.7032520325203252
SAP_PI576425.C00TDABXX.2.H10	3.3988970588235294
SAP_PI597952.C00TDABXX.2.D6	1.3
SAP_PI655976.C00TDABXX.3.C9	1.0586319218241043
SAP_PI576348.C00TDABXX.2.F7	1.0260290556900726
SAP_PI595699.C00TDABXX.2.E7	1.0855379188712522
SAP_PI533996.C00TDABXX.2.A1	0.32696546656869946
SAP_PI656121.B064FABXX.2.A3	0.42294186500195086
SAP_PI576350.B064FABXX.2.F8	0.4633977900552486
SAP_PI597972.B064FABXX.2.F4	1.716500553709856
SAP_PI576394.C00TDABXX.2.C6	0.3838006230529595
SAP_PI656096.C00TDABXX.1.B11	0.2986857825567503
SAP_PI656085.B064FABXX.2.E12	0.7138314785373608
SAP_PI576373.C00TDABXX.2.E6	0.8098404255319149
SAP_PI656071.B064FABXX.2.B12	0.4097902097902098
SAP_PI576387.C00TDABXX.2.C9	0.36611711199545194
SAP_PI533755.C00TDABXX.1.D5	0.8807212205270458
SAP_PI656119.B064FABXX.2.C1	0.22509378907878283
SAP_PI656118.B064FABXX.2.D8	0.5070993914807302
SAP_PI533841.B064FABXX.2.B8	1.7073170731707317
SAP_PI576339.C00TDABXX.2.D5	0.29660238751147844
SAP_PI533965.C00TDABXX.1.B7	1.3267326732673268
SAP_PI533761.C00TDABXX.1.F10	0.5102860010035123
SAP_PI576401.B064FABXX.2.C12	0.6083018867924528
SAP_PI656022.C00TDABXX.3.H2	0.7926509186351706
SAP_PI576347.C00TDABXX.2.G7	0.6813611755607115
SAP_PI561073.C00TDABXX.1.A1	0.4426419466975666
SAP_PI534148.B064FABXX.2.H9	0.6833550065019506
SAP_PI656115.B064FABXX.2.H5	1.4113364534581383
SAP_PI576375.C00TDABXX.2.E8	0.6062526404731728
SAP_PI576364.C00TDABXX.2.G6	1.086255924170616
SAP_PI656001.C00TDABXX.3.A11	0.621505376344086
SAP_PI656095.C00TDABXX.1.H10	0.4755357864941367
SAP_PI534053.C00TDABXX.2.H1	0.44353182751540043
SAP_PI576345.C00TDABXX.2.F3	0.4713493530499076
SAP_PI597976.B064FABXX.2.A11	1.0794314381270902
SAP_PI656046.C00TDABXX.3.H4	0.5826985854189336
SAP_PI533799.B064FABXX.2.F6	0.679324894514768
SAP_PI533776.B064FABXX.2.B9	0.9857594936708861
SAP_PI534096.C00TDABXX.2.F2	1.2034139402560455
SAP_PI656097.B064FABXX.2.C10	0.31731909845788847
SAP_PI655979.C00TDABXX.3.H10	2.3564245810055864
SAP_PI656059.C00TDABXX.3.G5	0.8593212001967536
SAP_PI533919.C00TDABXX.1.E7	0.6041994750656168
SAP_PI534114.C00TDABXX.1.E2	0.39292543021032506
SAP_PI656078.C00TDABXX.2.G12	1.242530755711775
SAP_PI595739.C00TDABXX.2.B9	0.8006088280060882
SAP_PI533901.C00TDABXX.1.G11	0.845859872611465
SAP_PI533766.C00TDABXX.1.H8	1.7976744186046512
SAP_PI533838.B064FABXX.2.C8	0.5336021505376344
SAP_PI534115.B064FABXX.2.A12	0.8680765357502518
SAP_PI656069.C00TDABXX.3.H6	0.8012820512820513
SAP_PI533997.C00TDABXX.1.C12	0.8518123667377399
SAP_PI533980.C00TDABXX.2.C2	0.5733695652173914
SAP_PI656062.B064FABXX.2.H4	0.4258823529411765
SAP_PI656087.C00TDABXX.3.E1	0.8003384094754653
SAP_PI533911.C00TDABXX.1.G5	0.6339662447257384
SAP_PI576393.C00TDABXX.1.H4	0.5126279863481229
SAP_PI641874.B064FABXX.2.C9	0.9366053169734151
SAP_PI656053.C00TDABXX.3.C2	0.5300730747611018
SAP_PI656018.C00TDABXX.3.D2	0.5185185185185185
SAP_PI597950.C00TDABXX.1.B12	0.5195121951219512
SAP_PI552861.C00TDABXX.1.C3	0.8390429581294182
SAP_PI655971.B064FABXX.2.E7	0.5536455245998815
SAP_PI533902.C00TDABXX.1.H3	1.0950226244343892
SAP_PI656056.B064FABXX.2.C4	0.48180677540777916
SAP_PI534101.C00TDABXX.2.B6	0.4097560975609756
SAP_PI533956.C00TDABXX.2.C3	0.5578727841501564
SAP_PI534063.B064FABXX.2.E5	1.0457142857142858
SAP_PI597960.C00TDABXX.2.G9	1.4192477876106195
SAP_PI542718.C00TDABXX.2.C10	0.870235198702352
SAP_PI655978.C00TDABXX.3.G9	0.5
SAP_PI533863.C00TDABXX.1.A10	0.41677018633540375
SAP_PI534155.C00TDABXX.1.A3	0.9712676056338028
SAP_PI613536.C00TDABXX.1.E3	0.33354632587859423
SAP_PI533940.C00TDABXX.2.A3	0.49625595643294756
SAP_PI656041.C00TDABXX.3.F12	0.4300864100549882
SAP_PI534009.C00TDABXX.1.A12	1.4039158810732415
SAP_PI655977.C00TDABXX.3.D9	1.4870259481037924
SAP_PI533752.C00TDABXX.1.H6	0.6403326403326404
SAP_PI597971.B064FABXX.2.E10	0.8715328467153285
SAP_PI656024.B064FABXX.2.F12	0.6374367622259697
SAP_PI597966.C00TDABXX.2.E11	2.9436936936936937
SAP_PI656102.C00TDABXX.1.H5	0.5193269668030923
SAP_PI533962.C00TDABXX.1.A6	0.23273026315789475
SAP_PI533800.C00TDABXX.1.G7	0.4804938271604938
SAP_PI576349.C00TDABXX.2.H7	1.37112239142696
SAP_PI533824.B064FABXX.2.C5	0.7340529931305201
SAP_PI576435.C00TDABXX.2.D10	0.24592592592592594
SAP_PI533794.C00TDABXX.1.C2	0.6822762299940723
SAP_PI656114.B064FABXX.2.A5	1.0130434782608695
SAP_PI533878.B064FABXX.2.E2	0.8748370273794003
SAP_PI533939.C00TDABXX.2.D1	0.8261851015801355
SAP_PI533957.C00TDABXX.1.D10	0.797085201793722
SAP_PI576376.C00TDABXX.2.F8	0.48946360153256707
SAP_PI585295.C00TDABXX.1.B1	0.5089700996677741
SAP_PI656076.B064FABXX.2.D12	0.5194697597348799
SAP_PI597968.C00TDABXX.2.D12	3.477859778597786
SAP_PI656044.B064FABXX.2.B7	1.0589953271028036
SAP_PI533924.B064FABXX.2.B5	0.4897560975609756
SAP_PI533869.C00TDABXX.1.G1	0.5733590733590733
SAP_PI564165.C00TDABXX.3.C10	0.5089628681177977
SAP_PI597973.C00TDABXX.2.E12	1.2669950738916256
SAP_PI533833.C00TDABXX.1.H9	0.6613756613756614
SAP_PI656000.C00TDABXX.3.A10	1.0143123833229621
SAP_PI656089.C00TDABXX.3.G1	0.29965457685664937
SAP_PI534138.B064FABXX.2.F7	1.2678062678062678
SAP_PI576333.C00TDABXX.2.H4	0.7846846846846847
SAP_PI656077.C00TDABXX.2.F12	1.0333660451422964
SAP_PI533991.B064FABXX.2.H12	0.9681528662420382
SAP_PI656117.B064FABXX.2.F1	0.7460861056751468
SAP_PI656026.C00TDABXX.3.H5	0.6805273833671399
SAP_PI576418.C00TDABXX.2.F10	0.37788853647485277
SAP_PI534127.C00TDABXX.1.C4	0.5821114369501467
SAP_PI656004.B064FABXX.2.G12	0.6015901060070671
SAP_PI656037.C00TDABXX.3.D4	0.609367681498829
SAP_PI534137.C00TDABXX.1.B5	0.7119341563786008
SAP_PI533842.C00TDABXX.1.G8	0.7553107789142408
SAP_PI655993.C00TDABXX.3.F3	1.5177548682703321
SAP_PI533937.C00TDABXX.2.H3	0.7066817667044167
SAP_PI533769.C00TDABXX.1.E11	0.5459032576505429
SAP_PI595714.C00TDABXX.2.A10	0.8862275449101796
SAP_PI656034.C00TDABXX.3.E8	0.4422535211267606
SAP_PI534112.C00TDABXX.1.E10	0.7384615384615385
